username,password,forenames,surname,emailAddress
mcdichaelsle,HJS09544C,Sleve,McDichael,sleve.mcdichael@example.org
sweemeyons,MAZ09700N,Onson,Sweemey,onson.sweemey@example.org
archidelddar,STX01898Y,Darryl,Archideld,darryl.archideld@example.org
smorinana,DAF02069H,Anatoli,Smorin,anatoli.smorin@example.org
mcsriffrey,RSV07903G,Rey,McSriff,rey.mcsriff@example.org
mixongle,JJS06661J,Glenallen,Mixon,glenallen.mixon@example.org
dusticewil,BLF04169N,Willie,Dustice,willie.dustice@example.org
gridejer,JGI04604O,Jeromy,Gride,jeromy.gride@example.org
dourquesco,DIU04566Z,Scott,Dourque,scott.dourque@example.org
furcottesho,NDN08768W,Shown,Furcotte,shown.furcotte@example.org
wesreydea,TRT03779I,Dean,Wesrey,dean.wesrey@example.org
trukmik,EFC01274P,Mike,Truk,mike.truk@example.org